{
  "type": "datasource",
  "name": "OPC UA (Unified Architecture)",
  "id": "grafana-opcua-datasource",
  "metrics": true,
  "annotations": true,
  "backend": true,
  "executable": "gpx_opcua",
  "alerting": true,
  "streaming": true,
  "info": {
    "description": "Reads data from OPC UA Servers",
    "author": {
      "name": "srclosson@gmail.com",
      "url": "https://github.com/srclosson"
    },
    "keywords": [
      "opc",
      "opcua",
      "ua",
      "da",
      "hda",
      "ae"
    ],
    "logos": {
      "small": "img/opc_logo.png",
      "large": "img/opc_logo.png"
    },
    "links": [
      {
        "name": "Website",
        "url": "https://github.com/srclosson/opcua-datasource"
      },
      {
        "name": "License",
        "url": "https://github.com/srclosson/opcua-datasource/blob/master/LICENSE"
      }
    ],
    "screenshots": [],
    "version": "1.1.1",
    "updated": "2021-06-08"
  },
  "dependencies": {
    "grafanaVersion": "6.3.x",
    "plugins": []
  }
}
